,train_avg_r,train_std_r,Epoch,loss_Q,loss_Z,loss_Pi,Q_vals,Z_vals,test_avg_r,test_std_r,test_avg_len,time
0,-293.39007709713894,68.51090155754986,1,0.5895912485495209,39.093357805252076,0.22233395640278467,-0.7051243843996199,-1.0163287152287448,-475.06412836824575,20.225664757158516,1000.0,84.20610046386719
